change_type,category,relative_path,old_modified_at,new_modified_at,old_size_bytes,new_size_bytes
NEW,api_football,.env,,2026-03-16 17:38:01,,257
NEW,api_football,api_football_pull_leagues_csv.py,,2026-02-24 16:07:14,,1693
NEW,api_football,api_football_pull_v2.py,,2026-02-25 15:55:41,,3682
NEW,api_football,fix_teammap_from_fixtures.ps1,,2026-03-04 10:09:23,,2152
NEW,api_football,merge_only.ps1,,2026-03-04 10:12:49,,674
NEW,api_football,pull_api_football_fixtures.ps1,,2026-03-04 14:14:22,,3356
NEW,api_football,pull_api_football_leagues.ps1,,2026-02-24 16:45:43,,1803
NEW,api_football,pull_api_football_odds.ps1,,2026-03-13 22:55:55,,3245
NEW,api_football,pull_api_football_odds_V1.ps1,,2026-02-26 13:31:28,,2623
NEW,api_football,pull_api_football_players.ps1,,2026-03-13 22:48:53,,3751
NEW,api_football,pull_api_football_players_squads_v1.py,,2026-03-15 14:18:17,,12293
NEW,api_football,pull_api_football_players_v4.py,,2026-03-16 18:04:35,,19312
NEW,api_football,pull_api_football_teams.ps1,,2026-02-25 14:26:08,,2737
NEW,api_football,run_api_football_pipeline_v2.ps1,,2026-02-25 15:55:46,,425
NEW,api_football,run_api_football_pull_v1.bat,,2026-02-23 16:14:31,,139
NEW,api_football,run_ingest_fixtures.ps1,,2026-02-27 10:22:59,,2570
NEW,api_football,run_ingest_fixtures_all_targets.old.ps1,,2026-02-28 17:12:44,,5968
NEW,api_football,run_ingest_fixtures_all_targets.ps1,,2026-03-03 22:44:55,,7127
NEW,api_football,run_ingest_teams_all_targets.ps1,,2026-03-02 13:18:00,,5596
NEW,api_football,test_api_football_players_access.py,,2026-03-15 10:19:12,,651
NEW,dump,dump-matchmatrix-202602271537_leagues.sql,,2026-02-27 15:37:36,,158955
NEW,dump,dump-matchmatrix-202603052038.sql,,2026-03-05 20:38:42,,193065
NEW,dump,dump-matchmatrix-202603072347.sql,,2026-03-07 23:47:39,,365219
NEW,dump,dump-matchmatrix-202603092253.sql,,2026-03-09 22:53:48,,419366
NEW,dump,dump-matchmatrix-202603102254.sql,,2026-03-10 22:54:12,,449627
NEW,dump,dump-matchmatrix-202603122251.sql,,2026-03-12 22:51:22,,464697
NEW,dump,dump-matchmatrix-202603122252.sql,,2026-03-12 22:52:47,,318952338
NEW,dump,dump-matchmatrix-202603132305.sql,,2026-03-13 23:05:40,,478535
NEW,dump,dump-matchmatrix-202603132306.sql,,2026-03-13 23:06:07,,334005106
NEW,dump,dump-matchmatrix-202603150829.sql,,2026-03-15 08:30:00,,478535
NEW,dump,dump-matchmatrix-202603151432.sql,,2026-03-15 14:32:34,,496519
NEW,dump,dump-matchmatrix-202603160648.sql,,2026-03-16 06:48:08,,506914
NEW,dump,dump-matchmatrix-202603162300.sql,,2026-03-16 23:00:43,,509787
NEW,dump,dump_ops-matchmatrix-202603112252.sql,,2026-03-11 22:52:21,,518537
NEW,dump,dump_ops-matchmatrix-202603131533.sql,,2026-03-13 15:33:17,,532875
NEW,ingest,.env,,2026-02-23 12:23:42,,96
NEW,ingest,API-Football\.env,,2026-03-16 17:38:01,,257
NEW,ingest,API-Football\api_football_pull_leagues_csv.py,,2026-02-24 16:07:14,,1693
NEW,ingest,API-Football\api_football_pull_v2.py,,2026-02-25 15:55:41,,3682
NEW,ingest,API-Football\fix_teammap_from_fixtures.ps1,,2026-03-04 10:09:23,,2152
NEW,ingest,API-Football\merge_only.ps1,,2026-03-04 10:12:49,,674
NEW,ingest,API-Football\pull_api_football_fixtures.ps1,,2026-03-04 14:14:22,,3356
NEW,ingest,API-Football\pull_api_football_leagues.ps1,,2026-02-24 16:45:43,,1803
NEW,ingest,API-Football\pull_api_football_odds.ps1,,2026-03-13 22:55:55,,3245
NEW,ingest,API-Football\pull_api_football_odds_V1.ps1,,2026-02-26 13:31:28,,2623
NEW,ingest,API-Football\pull_api_football_players.ps1,,2026-03-13 22:48:53,,3751
NEW,ingest,API-Football\pull_api_football_players_squads_v1.py,,2026-03-15 14:18:17,,12293
NEW,ingest,API-Football\pull_api_football_players_v4.py,,2026-03-16 18:04:35,,19312
NEW,ingest,API-Football\pull_api_football_teams.ps1,,2026-02-25 14:26:08,,2737
NEW,ingest,API-Football\run_api_football_pipeline_v2.ps1,,2026-02-25 15:55:46,,425
NEW,ingest,API-Football\run_api_football_pull_v1.bat,,2026-02-23 16:14:31,,139
NEW,ingest,API-Football\run_ingest_fixtures.ps1,,2026-02-27 10:22:59,,2570
NEW,ingest,API-Football\run_ingest_fixtures_all_targets.old.ps1,,2026-02-28 17:12:44,,5968
NEW,ingest,API-Football\run_ingest_fixtures_all_targets.ps1,,2026-03-03 22:44:55,,7127
NEW,ingest,API-Football\run_ingest_teams_all_targets.ps1,,2026-03-02 13:18:00,,5596
NEW,ingest,API-Football\test_api_football_players_access.py,,2026-03-15 10:19:12,,651
NEW,ingest,API-Hockey\.env,,2026-02-28 20:38:42,,169
NEW,ingest,API-Hockey\pull_api_hockey_leagues.ps1,,2026-02-28 23:37:13,,2359
NEW,ingest,API-Hockey\pull_api_hockey_teams.ps1,,2026-03-01 19:13:23,,2064
NEW,ingest,artifacts\baseline_logreg.joblib,,2026-02-15 21:41:50,,4241
NEW,ingest,artifacts\baseline_logreg_meta.json,,2026-02-15 21:41:50,,444
NEW,ingest,artifacts\baseline_logreg_v2.joblib,,2026-02-15 22:53:43,,4609
NEW,ingest,artifacts\baseline_logreg_v2_meta.json,,2026-02-15 22:53:43,,548
NEW,ingest,artifacts\baseline_logreg_v3.joblib,,2026-02-19 21:01:42,,4577
NEW,ingest,artifacts\baseline_logreg_v3_meta.json,,2026-02-19 21:01:42,,745
NEW,ingest,artifacts\gbm_v1.joblib,,2026-03-06 07:48:34,,1058904
NEW,ingest,artifacts\gbm_v2.joblib,,2026-02-18 10:11:26,,4038881
NEW,ingest,artifacts\gbm_v3_calibrated.joblib,,2026-02-19 21:02:50,,16589152
NEW,ingest,compute_mmr_ratings.py,,2026-03-11 14:19:28,,11392
NEW,ingest,football_data_pull_V5.py,,2026-02-19 09:51:56,,12767
NEW,ingest,football_data_uk_history_pull.py,,2026-02-15 15:33:43,,10012
NEW,ingest,parse_api_sport_fixtures.py,,2026-03-09 15:14:34,,11612
NEW,ingest,parse_api_sport_leagues.py,,2026-03-08 21:21:23,,5963
NEW,ingest,predict_matches.py,,2026-02-16 15:42:44,,3606
NEW,ingest,predict_matches_V3.py,,2026-03-11 12:24:01,,5493
NEW,ingest,providers\__pycache__\api_football_provider.cpython-314.pyc,,2026-03-13 23:08:15,,10462
NEW,ingest,providers\__pycache__\api_hockey_provider.cpython-314.pyc,,2026-03-11 22:19:46,,5531
NEW,ingest,providers\__pycache__\base_provider.cpython-314.pyc,,2026-03-11 22:10:03,,4676
NEW,ingest,providers\__pycache__\provider_registry.cpython-314.pyc,,2026-03-11 22:10:03,,1795
NEW,ingest,providers\api_football_provider.py,,2026-03-13 23:03:25,,7563
NEW,ingest,providers\api_hockey_provider.py,,2026-03-11 22:19:14,,2807
NEW,ingest,providers\base_provider.py,,2026-03-11 22:01:37,,2564
NEW,ingest,providers\provider_registry.py,,2026-03-11 22:01:59,,908
NEW,ingest,run_compute_mmr_ratings.bat,,2026-02-16 22:32:40,,368
NEW,ingest,run_football_data_pull_V5.bat,,2026-02-19 09:52:23,,348
NEW,ingest,run_football_data_uk_history.bat,,2026-02-15 15:21:01,,194
NEW,ingest,run_predict_matches_V3.bat,,2026-02-19 10:41:48,,440
NEW,ingest,run_theodds.bat,,2026-02-19 14:45:37,,671
NEW,ingest,run_theodds_parse_multi_FINAL.bat,,2026-02-20 23:16:07,,674
NEW,ingest,run_theodds_parse_multi_V1.bat,,2026-02-20 22:29:48,,453
NEW,ingest,run_train_baseline_logreg.bat,,2026-02-15 16:14:42,,337
NEW,ingest,run_train_gbm_v3.bat,,2026-02-18 10:32:17,,276
NEW,ingest,run_unified_ingest_batch_v1.py,,2026-03-13 22:30:34,,9921
NEW,ingest,run_unified_ingest_v1.py,,2026-03-13 08:46:34,,3782
NEW,ingest,theodds_parse_multi_FINAL.py,,2026-03-08 11:12:08,,25075
NEW,ingest,theodds_parse_multi_V1.py,,2026-02-20 22:28:43,,25036
NEW,ingest,theodds_pull.py,,2026-02-19 15:17:27,,4031
NEW,ingest,train_baseline_logreg.py,,2026-02-15 23:00:28,,8879
NEW,ingest,train_gbm_v3.py,,2026-02-18 10:56:22,,4954
NEW,scripts,00_Schema\001_core_tebles.sql\002_team_aliases.sql,,2026-02-19 18:10:09,,321
NEW,scripts,00_Schema\001_core_tebles.sql\004_template_block_matches.sql,,2026-02-12 11:13:41,,81
NEW,scripts,00_Schema\001_core_tebles.sql\006_template_fixed_picks.sql,,2026-02-11 09:06:01,,571
NEW,scripts,00_Schema\001_core_tebles.sql\009_theodds_teams.sql,,2026-02-19 21:23:33,,1552
NEW,scripts,00_Schema\001_core_tebles.sql\03_trigger_variable_block_1x2.sql,,2026-02-19 14:05:11,,3152
NEW,scripts,00_Schema\001_core_tebles.sql\pomocná_funkce_na_čtení_limitu.sql,,2026-02-12 14:18:27,,254
NEW,scripts,00_Schema\001_core_tebles.sql\tabulka_nastaveni_limit_5000_tickets.sql,,2026-02-12 13:21:39,,296
NEW,scripts,00_Schema\001_create_tables\001_create_table_seasons.sql,,2026-03-05 23:06:15,,229
NEW,scripts,00_Schema\001_create_tables\002_create_table_players.sql,,2026-03-06 10:48:51,,1741
NEW,scripts,00_Schema\001_create_tables\003_create_table_player_provider_map.sql,,2026-03-02 22:47:13,,1370
NEW,scripts,00_Schema\001_create_tables\004_create_table_lineups.sql,,2026-03-06 11:00:01,,0
NEW,scripts,00_Schema\001_create_tables\005_create_table_injuries.sql,,2026-03-06 11:01:34,,0
NEW,scripts,00_Schema\001_create_tables\006_create_table_content_sources.sql,,2026-03-06 11:03:18,,0
NEW,scripts,00_Schema\001_create_tables\007_create_table_articles.sql,,2026-03-06 11:03:27,,0
NEW,scripts,00_Schema\001_create_tables\008_create_table_article_team_map.sql,,2026-03-06 11:03:25,,0
NEW,scripts,00_Schema\001_create_tables\009_create_table_article_league_map.sql,,2026-03-06 11:03:23,,0
NEW,scripts,00_Schema\001_create_tables\010_create_table_article_match_map.sql,,2026-03-06 11:03:22,,0
NEW,scripts,00_Schema\001_create_tables\011_check_new_core_tables.sql,,2026-03-06 11:16:29,,0
NEW,scripts,00_Schema\001_create_tables\012_create_table_languages.sql,,2026-03-06 11:22:08,,0
NEW,scripts,00_Schema\001_create_tables\013_create_table_article_translations.sql,,2026-03-06 11:24:25,,0
NEW,scripts,00_Schema\001_create_tables\014_create_table_league_translations.sql,,2026-03-06 11:24:22,,0
NEW,scripts,00_Schema\001_create_tables\015_create_table_team_translations.sql,,2026-03-06 11:32:52,,0
NEW,scripts,00_Schema\001_create_tables\016_create_table_player_translations.sql,,2026-03-06 11:34:23,,0
NEW,scripts,00_Schema\001_create_tables\017_create_table_translation_jobs.sql,,2026-03-06 11:36:46,,0
NEW,scripts,00_Schema\001_create_tables\018_create_table_translation_job_logs.sql,,2026-03-06 11:38:12,,0
NEW,scripts,00_Schema\001_create_tables\019_create_table_team_social_links.sql,,2026-03-06 11:41:57,,0
NEW,scripts,00_Schema\001_create_tables\020_create_table_stadiums.sql,,2026-03-06 11:50:22,,0
NEW,scripts,00_Schema\001_create_tables\021_create_table_team_stadiums.sql,,2026-03-06 11:51:21,,0
NEW,scripts,00_Schema\001_create_tables\022_create_table_match_events.sql,,2026-03-06 11:53:19,,529
NEW,scripts,00_Schema\001_create_tables\023_create_table_player_match_statistics.sql,,2026-03-06 11:58:28,,0
NEW,scripts,00_Schema\001_create_tables\024_create_table_team_match_statistics.sql,,2026-03-06 12:03:42,,0
NEW,scripts,00_Schema\001_create_tables\025_create_table_coaches.sql,,2026-03-06 11:59:54,,0
NEW,scripts,00_Schema\001_create_tables\026_create_table_team_coaches.sql,,2026-03-06 12:07:54,,0
NEW,scripts,00_Schema\001_create_tables\027_create_table_player_team_history.sql,,2026-03-06 12:08:39,,0
NEW,scripts,00_Schema\001_create_tables\028_create_table_match_officials.sq,,2026-03-06 12:09:22,,0
NEW,scripts,00_Schema\001_create_tables\029_create_table_team_transfers.sql,,2026-03-06 12:10:19,,0
NEW,scripts,00_Schema\001_create_tables\030_create_table_player_social_links.sql,,2026-03-06 12:11:12,,0
NEW,scripts,00_Schema\001_create_tables\031_create_table_competition_rounds.sql,,2026-03-06 12:12:03,,0
NEW,scripts,00_Schema\001_create_tables\032_create_table_match_weather.sql,,2026-03-06 12:12:39,,0
NEW,scripts,00_Schema\001_create_tables\033_create_table_users.sql,,2026-03-06 12:15:12,,0
NEW,scripts,00_Schema\001_create_tables\034_create_table_user_favorite_teams.sql,,2026-03-06 12:15:57,,0
NEW,scripts,00_Schema\001_create_tables\035_create_table_user_favorite_leagues.sql,,2026-03-06 12:16:51,,0
NEW,scripts,00_Schema\001_create_tables\036_create_table_user_favorite_players.sql,,2026-03-06 12:16:49,,0
NEW,scripts,00_Schema\001_create_tables\037_create_table_subscription_plans.sql,,2026-03-06 12:18:22,,0
NEW,scripts,00_Schema\001_create_tables\038_create_table_subscriptions.sql,,2026-03-06 12:20:20,,0
NEW,scripts,00_Schema\001_create_tables\039_create_table_user_notifications.sql,,2026-03-06 12:21:22,,0
NEW,scripts,00_Schema\001_create_tables\040_create_table_notification_queue.sql,,2026-03-06 12:22:42,,0
NEW,scripts,00_Schema\001_create_tables_tickets\041_create_table_tickets.sql,,2026-03-07 23:17:06,,0
NEW,scripts,00_Schema\001_create_tables_tickets\042_create_table_ticket_constants.sql,,2026-03-07 23:17:05,,0
NEW,scripts,00_Schema\001_create_tables_tickets\043_create_table_ticket_blocks.sql,,2026-03-07 23:17:03,,0
NEW,scripts,00_Schema\001_create_tables_tickets\044_create_table_ticket_block_matches.sql,,2026-03-07 23:17:01,,0
NEW,scripts,00_Schema\001_create_tables_tickets\045_create_table_ticket_variants.sql,,2026-03-07 23:16:59,,0
NEW,scripts,00_Schema\001_create_tables_tickets\046_create_table_ticket_variant_block_choices.sql,,2026-03-07 23:16:57,,0
NEW,scripts,00_Schema\001_create_tables_tickets\047_create_table_ticket_variant_matches.sql,,2026-03-07 23:24:04,,0
NEW,scripts,00_Schema\001_create_tables_tickets\048_create_table_ticket_settlements.sql,,2026-03-07 23:24:02,,0
NEW,scripts,00_Schema\001_create_tables_tickets\049_create_table_ticket_pattern_stats.sql,,2026-03-07 23:25:58,,0
NEW,scripts,00_Schema\001_create_tables_tickets\050_create_table_ticket_league_pattern_stats.sql,,2026-03-07 23:26:44,,0
NEW,scripts,00_Schema\001_create_tables_tickets\051_create_table_ticket_generation_runs.sql,,2026-03-07 23:27:43,,0
NEW,scripts,00_Schema\001_create_tables_tickets\052_create_table_ticket_variant_features.sql,,2026-03-07 23:28:34,,0
NEW,scripts,00_Schema\001_create_tables_tickets\053_create_table_ticket_recommendation_feedback.sql,,2026-03-07 23:28:32,,0
NEW,scripts,00_Schema\001_create_tables_tickets\054_create_mm_value_bets.sql,,2026-03-08 17:04:39,,0
NEW,scripts,00_Schema\001_create_tables_tickets\055_create_view_best_match_odds.sql,,2026-03-08 17:04:35,,0
NEW,scripts,00_Schema\001_create_tables_tickets\056_alter_mm_value_bets_add_unique_match.sql,,2026-03-08 17:17:09,,0
NEW,scripts,00_Schema\001_create_tables_tickets\057_view_ticket_candidate_matches.sql,,2026-03-08 17:27:21,,0
NEW,scripts,00_Schema\001_create_tables_tickets\058_view_match_feed_for_user.sql,,2026-03-08 17:35:18,,539
NEW,scripts,00_Schema\001_create_tables_tickets\059_create_ops_provider_jobs.sql,,2026-03-08 17:53:25,,0
NEW,scripts,00_Schema\001_create_tables_tickets\061_create_ops_provider_accounts.sql,,2026-03-08 19:29:20,,0
NEW,scripts,00_Schema\001_create_tables_tickets\063_create_ops_api_request_log.sql,,2026-03-08 19:33:02,,0
NEW,scripts,00_Schema\010_generated_tickets_is_blocked.sql\010_indexes_performance.sql,,2026-02-11 13:54:31,,729
NEW,scripts,00_Schema\010_generated_tickets_is_blocked.sql\011_generated_tickets_is_blocked.sql,,2026-02-12 14:48:58,,107
NEW,scripts,00_Schema\010_generated_tickets_is_blocked.sql\012_generated_runs_params.sql,,2026-02-11 20:48:17,,351
NEW,scripts,00_Schema\010_generated_tickets_is_blocked.sql\013_fill_theodds_keys_missing.sql,,2026-02-19 20:58:05,,766
NEW,scripts,00_Schema\010_generated_tickets_is_blocked.sql\013_generated_ticket_items.sql,,2026-02-11 21:56:03,,784
NEW,scripts,00_Schema\010_generated_tickets_is_blocked.sql\014_generated_ticket_risk.sql,,2026-02-12 20:04:44,,269
NEW,scripts,00_Schema\010_generated_tickets_is_blocked.sql\015_mm_apply_risk_team_max.sql,,2026-02-12 20:01:05,,2322
NEW,scripts,00_Schema\010_generated_tickets_is_blocked.sql\016_matches_external_ids_and_result.sql,,2026-02-12 21:23:47,,390
NEW,scripts,00_Schema\010_generated_tickets_is_blocked.sql\017_leagues_external_ids.sql,,2026-02-12 21:25:06,,222
NEW,scripts,00_Schema\010_generated_tickets_is_blocked.sql\018_teams_external_ids.sql,,2026-02-12 21:27:25,,212
NEW,scripts,00_Schema\010_generated_tickets_is_blocked.sql\019_odds_indexes_for_compare.sql,,2026-02-12 21:29:25,,224
NEW,scripts,00_Schema\010_generated_tickets_is_blocked.sql\01_create_mm_ticket_scenarios.sql,,2026-03-09 22:03:19,,0
NEW,scripts,00_Schema\010_generated_tickets_is_blocked.sql\02_create_mm_ticket_scenario_variants.sql,,2026-03-09 22:08:02,,0
NEW,scripts,00_Schema\010_generated_tickets_is_blocked.sql\03_create_mm_ticket_scenario_blocks.sql,,2026-03-09 22:08:00,,0
NEW,scripts,00_Schema\010_generated_tickets_is_blocked.sql\04_create_mm_ticket_scenario_block_matches.sql,,2026-03-09 22:07:53,,0
NEW,scripts,00_Schema\010_generated_tickets_is_blocked.sql\05_drop_unused_mm_ticket_tables.sql,,2026-03-09 22:32:44,,681
NEW,scripts,00_Schema\010_staging_api_football.sql\038_alter_stg_provider_player_stats_for_match_merge.sql,,2026-03-15 21:11:28,,1650
NEW,scripts,00_Schema\010_staging_api_football.sql\039_create_player_season_statistics.sql,,2026-03-15 22:19:04,,2861
NEW,scripts,00_Schema\010_staging_api_football.sql\10_staging_api_football.sql,,2026-02-23 15:37:23,,2520
NEW,scripts,00_Schema\010_staging_api_hockey.sql\010_create_api_hockey_teams_raw.sql (volitelné),,2026-03-01 14:42:27,,271
NEW,scripts,00_Schema\020_generated_runs_add_bookmaker_id.sql\020_generated_runs_add_bookmaker_id.sql,,2026-02-12 21:42:35,,112
NEW,scripts,00_Schema\020_generated_runs_add_bookmaker_id.sql\023_matches_updated_at.sql,,2026-02-15 13:46:55,,421
NEW,scripts,00_Schema\020_generated_runs_add_bookmaker_id.sql\024_matches_normalize_status.sql,,2026-02-15 13:54:35,,770
NEW,scripts,00_Schema\020_generated_runs_add_bookmaker_id.sql\027_matches_score_status_rules.sql,,2026-02-15 13:55:11,,411
NEW,scripts,00_Schema\020_generated_runs_add_bookmaker_id.sql\029_leagues_set_csv_codes.sql,,2026-02-15 14:31:16,,627
NEW,scripts,00_Schema\020_provider_maps.sql\020_provider_maps.sql,,2026-02-23 16:08:23,,1199
NEW,scripts,00_Schema\020_provider_maps.sql\021_migrate_leagues_to_provider_map.sql,,2026-02-23 17:32:05,,753
NEW,scripts,00_Schema\020_provider_maps.sql\037_players_multisource_foundation.sql,,2026-03-15 12:50:45,,0
NEW,scripts,00_Schema\020_provider_maps.sql\038_players_enrichment_reseed_squads_team_based.sql,,2026-03-15 14:08:07,,0
NEW,scripts,00_Schema\030_ingest_schema.sql\030_ingest_schema.sql,,2026-02-12 22:32:08,,729
NEW,scripts,00_Schema\030_ingest_schema.sql\031_external_ids.sql,,2026-02-12 22:33:32,,624
NEW,scripts,00_Schema\030_ingest_schema.sql\032_bookmakers_ext_key.sql,,2026-02-12 22:36:44,,229
NEW,scripts,00_Schema\030_ingest_schema.sql\033_team_aliases.sql,,2026-02-15 14:56:59,,274
NEW,scripts,00_Schema\030_ingest_schema.sql\034_team_aliases_seed_football_data_uk_epl.sql,,2026-02-15 15:07:31,,1151
NEW,scripts,00_Schema\030_ingest_schema.sql\035_ops_create_ingest_planner.sql,,2026-03-13 15:25:23,,0
NEW,scripts,00_Schema\030_ingest_schema.sql\036_ops_create_worker_locks.sql,,2026-03-13 15:38:16,,0
NEW,scripts,00_Schema\030_ingest_schema.sql\037_ops_insert_job_ingest_cycle_v2.sql,,2026-03-13 20:36:39,,0
NEW,scripts,00_Schema\030_ingest_schema.sql\038_ops_create_dashboard_views.sql,,2026-03-13 20:36:43,,0
NEW,scripts,00_Schema\030_ingest_schema.sql\039_ops_insert_job_unified_staging_to_public_merge.sql,,2026-03-13 21:05:12,,0
NEW,scripts,00_Schema\040_match_features\040_match_features.sql,,2026-02-15 13:46:57,,610
NEW,scripts,00_Schema\050_ml_dataset_view.sql\050_ml_dataset_view.sql,,2026-02-16 22:12:34,,803
NEW,scripts,00_Schema\050_ml_dataset_view.sql\051_ml_dataset_view_V2.sql,,2026-02-18 10:16:29,,1423
NEW,scripts,00_Schema\050_ml_dataset_view.sql\052_ml_predictions.sql,,2026-02-16 16:00:55,,1055
NEW,scripts,00_Schema\050_ml_dataset_view.sql\053_ml_predict_dataset_view.sql,,2026-02-16 16:00:54,,708
NEW,scripts,00_Schema\050_ml_dataset_view.sql\054_ml_fair_odds_view.sql,,2026-02-16 16:28:43,,723
NEW,scripts,00_Schema\050_ml_dataset_view.sql\055_ml_market_odds_view.sql,,2026-02-16 16:56:06,,1783
NEW,scripts,00_Schema\050_ml_dataset_view.sql\056_ml_value_view.sql,,2026-02-16 17:09:35,,407
NEW,scripts,00_Schema\050_ml_dataset_view.sql\057_ml_value_ev_view.sql,,2026-02-16 17:09:32,,830
NEW,scripts,00_Schema\050_ml_dataset_view.sql\058_ml_block_candidates_view.sql,,2026-02-16 21:27:15,,928
NEW,scripts,00_Schema\050_ml_dataset_view.sql\059_ml_feed_value_picks_view.sql,,2026-02-16 21:30:23,,1620
NEW,scripts,00_Schema\060_mmr_ratings.sql\060_mmr_ratings.sql,,2026-02-16 22:13:35,,1288
NEW,scripts,00_Schema\070_ml_predictions.sql\070_ml_predictions.sql,,2026-02-19 10:48:28,,1235
NEW,scripts,00_Schema\210_create_staging_api_hockey.sql,,2026-02-28 20:43:25,,668
NEW,scripts,01_seed\001_seed_languages_asia.sql,,2026-03-06 14:20:54,,0
NEW,scripts,01_seed\002_seed_Global_language .sql,,2026-03-06 14:25:26,,0
NEW,scripts,01_seed\003_seed_data_providers.sql,,2026-03-06 14:29:25,,0
NEW,scripts,01_seed\004_seed_countries.sql,,2026-03-06 14:43:55,,0
NEW,scripts,01_seed\005_seed_seasons_from_leagues_smart.sql,,2026-03-06 15:13:11,,0
NEW,scripts,01_seed\011_seed_jobs_core_pipeline.sql,,2026-02-26 22:41:55,,1577
NEW,scripts,01_seed\012_seed_ingest_targets_top8_api_football.sql,,2026-02-27 22:39:44,,2005
NEW,scripts,01_seed\013_seed_import_plan_eu_exact_v1.sql,,2026-02-27 21:55:07,,3599
NEW,scripts,01_seed\014_apply_import_plan_eu_api_football.sql,,2026-02-27 22:38:25,,4663
NEW,scripts,01_seed\015_seed_import_plan_eu_major_v4.sql,,2026-02-27 22:51:15,,3944
NEW,scripts,01_seed\059_seed_ops_provider_jobs_multi_sport.sql,,2026-03-08 17:54:29,,0
NEW,scripts,01_seed\061_seed_ops_provider_accounts.sql,,2026-03-08 19:29:18,,0
NEW,scripts,01_seed\062_trigger_ops_provider_accounts_updated_at.sql,,2026-03-08 19:31:48,,0
NEW,scripts,01_seed\093_seed_sports_import_plan.sql,,2026-03-10 13:28:13,,1848
NEW,scripts,01_seed\094_api_budget_status.sql,,2026-03-10 13:31:57,,712
NEW,scripts,01_seed\095_v_api_budget_today.sql,,2026-03-10 13:30:05,,0
NEW,scripts,01_seed\096_seed_ingest_targets_from_league_import_plan.sql,,2026-03-10 17:49:24,,0
NEW,scripts,01_seed\100_seed_ingest_targets_from_leagues.sql,,2026-03-10 19:12:47,,366
NEW,scripts,01_seed\101_prioritize_ingest_targets.sql,,2026-03-10 19:59:17,,1115
NEW,scripts,01_seed\102_scheduler_queue.sql,,2026-03-10 20:11:37,,0
NEW,scripts,01_seed\104_set_free_mode_budget.sql,,2026-03-10 20:34:06,,0
NEW,scripts,01_seed\105_prepare_free_test_targets.sql,,2026-03-10 20:36:20,,0
NEW,scripts,01_seed\106_reduce_football_for_free_mode.sql,,2026-03-10 20:49:14,,0
NEW,scripts,01_seed\107_mark_football_maintenance_targets.sql,,2026-03-10 20:50:45,,0
NEW,scripts,01_seed\108_reset_today_scheduler_queue.sql,,2026-03-10 20:51:42,,0
NEW,scripts,01_seed\109_enable_hockey_basketball_free_targets.sql,,2026-03-10 20:58:59,,0
NEW,scripts,01_seed\api_football\00_seed_api_football_leagues.sql,,2026-02-23 12:13:50,,374
NEW,scripts,01_seed\api_football\01_audit_api_football_import.sql,,2026-02-23 15:27:33,,346
NEW,scripts,02_validation\020_hockey\021_parse_api_hockey_leagues.sql,,2026-02-28 23:49:18,,1364
NEW,scripts,02_validation\020_hockey\021_parse_api_hockey_leagues_raw.sql,,2026-03-01 23:22:34,,1266
NEW,scripts,02_validation\020_hockey\022_parse_api_hockey_teams_raw.sql,,2026-03-01 23:22:34,,1850
NEW,scripts,02_validation\020_hockey\022_parse_api_hockey_teams_raw_V1.sql,,2026-03-01 21:53:43,,1613
NEW,scripts,02_validation\020_hockey\022_view_api_hockey_leagues_latest.sql,,2026-03-01 19:20:57,,318
NEW,scripts,02_validation\021_check_missing_ingest_targets.sql,,2026-02-27 14:34:34,,597
NEW,scripts,02_validation\022_check_predict_ml_predictions.sql,,2026-02-19 10:46:55,,1802
NEW,scripts,02_validation\024_show_ml_view_definitions.sql,,2026-02-19 10:55:49,,473
NEW,scripts,02_validation\025_check_value_ev_latest.sql,,2026-02-19 10:57:18,,318
NEW,scripts,02_validation\026_check_block_candidates_latest.sql,,2026-02-19 11:04:02,,449
NEW,scripts,02_validation\check_empty_blocks.sql\010_trg_template_blocks_guard.sql,,2026-02-11 12:06:53,,1168
NEW,scripts,02_validation\check_empty_blocks.sql\011_trg_template_block_matches_not_empty.sql,,2026-02-11 12:08:36,,1556
NEW,scripts,02_validation\check_template_validity.sql\001_mm_validate_template.sql,,2026-02-11 09:11:59,,1082
NEW,scripts,03_generation\002_mm_update_run_probability.sql\002_mm_update_run_probability.sql,,2026-02-11 08:52:19,,376
NEW,scripts,03_generation\002_mm_update_run_probability.sql\005_mm_template_state.sql,,2026-02-11 14:27:11,,616
NEW,scripts,03_generation\002_mm_update_run_probability.sql\006_mm_actions_blocks.sql,,2026-02-11 15:28:03,,327
NEW,scripts,03_generation\002_mm_update_run_probability.sql\007_mm_actions_fixed.sql,,2026-02-11 15:20:52,,326
NEW,scripts,03_generation\002_mm_update_run_probability.sql\008_mm_ui_preview_and_generate.sql,,2026-02-11 15:20:28,,178
NEW,scripts,03_generation\011_mm_preview_run.sql\011_mm_preview_run.sql,,2026-02-12 13:47:08,,5508
NEW,scripts,03_generation\011_mm_preview_run.sql\012_mm_generate_run_engine.sql,,2026-02-12 20:11:46,,2145
NEW,scripts,03_generation\011_mm_preview_run.sql\013_mm_generate_tickets_engine.sql,,2026-02-12 10:58:40,,7360
NEW,scripts,03_generation\011_mm_preview_run.sql\014_mm_get_odds_compare.sql,,2026-02-12 21:30:47,,572
NEW,scripts,03_generation\011_mm_preview_run.sql\015_mm_preview_run_bookmaker.sql,,2026-02-12 21:37:29,,4383
NEW,scripts,03_generation\011_mm_preview_run.sql\016_mm_ui_ticket_detail.sql,,2026-02-11 22:00:12,,442
NEW,scripts,03_generation\011_mm_preview_run.sql\017_mm_generate_run_engine_bookmaker.sql,,2026-02-12 21:44:20,,2239
NEW,scripts,03_generation\011_mm_preview_run.sql\018_mm_ui_run_tickets.sql,,2026-02-12 22:03:05,,2151
NEW,scripts,03_generation\011_mm_preview_run.sql\019_mm_ui_run_summary.sql,,2026-02-12 22:10:36,,1043
NEW,scripts,03_generation\011_mm_preview_run.sql\mazání mm_generate_run_engine.sql,,2026-02-12 14:17:22,,56
NEW,scripts,03_generation\011_mm_preview_run.sql\mm_generate_run_engine.sql,,2026-02-12 14:43:26,,104
NEW,scripts,03_generation\011_mm_preview_run.sql\mm_preview_run.sql,,2026-02-12 11:56:38,,39
NEW,scripts,03_generation\020_mm_ui_run_tickets_with_stake.sql\020_mm_ui_run_tickets_with_stake.sql,,2026-02-12 22:18:49,,530
NEW,scripts,03_generation\020_mm_ui_run_tickets_with_stake.sql\021_matches_add_sport_id.sql,,2026-02-15 13:38:52,,604
NEW,scripts,03_generation\020_mm_ui_run_tickets_with_stake.sql\022_matches_indexes_for_history_and_features.sql,,2026-02-15 13:39:49,,645
NEW,scripts,03_generation\020_mm_ui_run_tickets_with_stake.sql\023_mm_build_match_features.sql,,2026-02-15 13:54:37,,5511
NEW,scripts,03_generation\030_upsert_api_football.sql\030_ops_admin.sql,,2026-02-23 23:11:04,,2988
NEW,scripts,03_generation\030_upsert_api_football.sql\031_eu_leagues_api_football_apply_FIXED2.sql,,2026-03-02 22:02:18,,10802
NEW,scripts,03_generation\030_upsert_api_football.sql\031_upsert_leagues_api_football.sql,,2026-03-04 09:28:33,,1416
NEW,scripts,03_generation\030_upsert_api_football.sql\032_upsert_teams_api_football.sql,,2026-03-04 09:29:04,,1310
NEW,scripts,03_generation\030_upsert_api_football.sql\033_upsert_league_teams_api_football.sql,,2026-03-04 09:29:33,,1043
NEW,scripts,03_generation\030_upsert_api_football.sql\034_upsert_matches_api_football.sql,,2026-03-04 09:30:58,,1745
NEW,scripts,03_generation\030_upsert_api_football.sql\035_generate_ingest_targets_football_api_football.sql,,2026-02-27 14:34:42,,1049
NEW,scripts,03_generation\030_upsert_api_football.sql\035_merge_teams_api_football.sql,,2026-02-25 21:11:38,,2003
NEW,scripts,03_generation\030_upsert_api_football.sql\036_create_staging_league_views.sql,,2026-02-27 13:09:47,,961
NEW,scripts,03_generation\030_upsert_api_football.sql\037_cleanup_staging_api_football_leagues.sql,,2026-02-27 14:34:50,,678
NEW,scripts,03_generation\030_upsert_api_football.sql\038_create_ops_league_import_plan.sql,,2026-02-27 14:34:53,,1389
NEW,scripts,03_generation\030_upsert_api_football.sql\039_import_leagues_from_plan_api_football.sql,,2026-02-27 13:35:34,,5675
NEW,scripts,03_generation\031_upsert_api_hockey.sql\031_upsert_leagues_api_hockey.sql,,2026-03-01 14:35:04,,994
NEW,scripts,03_generation\031_upsert_api_hockey.sql\033_upsert_league_teams_api_hockey.sql,,2026-03-01 23:22:35,,548
NEW,scripts,03_generation\036_upsert_league_provider_map.sql,,2026-03-01 14:33:26,,418
NEW,scripts,03_generation\038_update_ops_ingest_targets.sql,,2026-03-02 08:19:54,,1467
NEW,scripts,03_generation\040_staging\006_create_table_staging_players_import.sql,,2026-03-06 14:49:13,,0
NEW,scripts,03_generation\040_staging\007_create_table_staging_player_provider_map_import.sql,,2026-03-06 15:22:29,,0
NEW,scripts,03_generation\040_staging\008_check_player_tables.sql,,2026-03-06 15:48:13,,0
NEW,scripts,03_generation\040_staging\012_alter_staging_players_import_add_context.sql,,2026-03-06 15:54:48,,0
NEW,scripts,03_generation\060_trigger_ops_provider_jobs_updated_at.sql,,2026-03-08 17:55:48,,0
NEW,scripts,03_generation\Script.sql,,2026-03-06 15:21:35,,1215
NEW,scripts,03_generation\api_import_runs.sql,,2026-02-13 23:09:26,,246
NEW,scripts,04_merge\009_merge_players.sql,,2026-03-07 19:51:57,,2661
NEW,scripts,04_merge\010_merge_player_provider_map.sql,,2026-03-06 15:54:24,,0
NEW,scripts,04_merge\england_missing_canonical_apply.sql,,2026-02-22 11:46:03,,1593
NEW,scripts,04_merge\merge_team_engine.sql,,2026-02-22 11:43:11,,2688
NEW,scripts,04_merge\team_provider_map.sql,,2026-02-26 20:58:34,,444
NEW,scripts,05_app\050_views_matches_windows.sql,,2026-03-04 12:39:07,,2229
NEW,scripts,05_app\051_view_leagues_active_week.sql,,2026-03-04 13:11:14,,357
NEW,scripts,05_app\052_views_matches_windows_football_data.sql,,2026-03-04 13:12:00,,1663
NEW,scripts,05_app\053_view_fd_leagues_active_week.sql,,2026-03-04 13:25:44,,363
NEW,scripts,06_views\01_vw_generated_ticket_matches.sql,,2026-03-08 09:39:12,,0
NEW,scripts,06_views\02_vw_ticket_match_results.sql,,2026-03-08 09:39:09,,0
NEW,scripts,06_views\03_vw_ticket_settlement_detail.sql,,2026-03-08 09:39:06,,0
NEW,scripts,06_views\04_vw_ticket_summary.sql,,2026-03-08 09:39:02,,0
NEW,scripts,06_views\05_create_ticket_run_settlements.sql,,2026-03-08 09:53:33,,0
NEW,scripts,06_views\061_v_fd_matches_week.sql,,2026-03-05 11:01:13,,530
NEW,scripts,06_views\06_fn_refresh_ticket_run_settlements.sql,,2026-03-08 09:53:31,,0
NEW,scripts,06_views\07_seed_ops_jobs.sql,,2026-03-08 09:53:28,,0
NEW,scripts,06_views\092_storage_metrics.sql,,2026-03-10 12:34:27,,37
NEW,scripts,06_views\093_sports_import_plan.sql,,2026-03-10 13:25:54,,0
NEW,scripts,06_views\10_vw_data_coverage.sql,,2026-03-08 09:53:29,,0
NEW,scripts,06_views\11_vw_offer_matches.sql,,2026-03-08 11:00:21,,0
NEW,scripts,06_views\12_vw_offer_matches.sql,,2026-03-08 11:56:51,,2331
NEW,scripts,06_views\13_compute_value_bets.sql,,2026-03-08 17:17:12,,0
NEW,scripts,06_views\14_vw_ticket_candidates.sql,,2026-03-09 16:38:38,,0
NEW,scripts,06_views\15_v_best_ticket_candidates_today.sql,,2026-03-09 16:39:57,,0
NEW,scripts,06_views\16_vw_ticket_items.sql,,2026-03-09 16:15:15,,0
NEW,scripts,06_views\17_vw_block_outcome_candidates.sql,,2026-03-09 16:40:54,,0
NEW,scripts,06_views\18_vw_block_sync_signals.sql,,2026-03-09 21:34:25,,0
NEW,scripts,06_views\19_vw_block_candidate_groups.sql,,2026-03-09 21:34:19,,0
NEW,scripts,07_audity\013_check_players_coverage.sql,,2026-03-06 23:33:18,,0
NEW,scripts,07_audity\071_Globální audit.sql,,2026-02-23 10:06:13,,768
NEW,scripts,07_audity\072_enforce_integrity_constraints.sql,,2026-02-22 17:52:00,,1772
NEW,scripts,07_audity\073_global_integrity_audit.sql,,2026-02-22 17:05:12,,5863
NEW,scripts,07_audity\074_audit_api_football_duplicates.sql,,2026-02-23 16:06:26,,528
NEW,scripts,07_audity\075_audit_alias_coverage.sql,,2026-02-23 16:06:28,,312
NEW,scripts,07_audity\076_audit_fixtures_orphans.sq,,2026-02-23 15:56:06,,364
NEW,scripts,07_audity\077_audit_basic.sql,,2026-02-25 21:11:36,,712
NEW,scripts,07_audity\078_audit_player_season_statistics_v1.sql,,2026-03-15 22:19:09,,0
NEW,scripts,07_audity\079_audit_player_season_statistics_report_v1.sql,,2026-03-16 13:56:22,,10051
NEW,scripts,07_audity\080_debug_player_stats_merge_mapping_v1.sql,,2026-03-16 16:05:14,,0
NEW,scripts,07_audity\081_fix_player_season_statistics_merge_v1.sql,,2026-03-16 16:07:27,,0
NEW,scripts,08_kontrola_ligy_vše\080_Kontrola_duplicit.sql,,2026-03-02 08:10:37,,1827
NEW,scripts,08_kontrola_ligy_vše\081_postup_prohlidka_smazani_overeni_zajisteni.sql,,2026-03-02 08:10:32,,1462
NEW,scripts,08_kontrola_ligy_vše\Kontrola_holandsko_1.liga_Eredivisie.sql,,2026-02-23 09:59:40,,2910
NEW,scripts,08_kontrola_ligy_vše\kontrola_nemecko_1.liga_bundesliga.sql,,2026-02-23 09:24:27,,2926
NEW,scripts,08_kontrola_ligy_vše\kontrola_portugalsko_1.liga_Premier League.sql,,2026-02-23 09:39:16,,1944
NEW,scripts,08_kontrola_ligy_vše\kontrola_spanelsko_1.liga_La liga.sql,,2026-02-23 09:25:05,,2298
NEW,scripts,09_run\090_api_football_merge_run.sql,,2026-02-24 15:04:52,,979
NEW,scripts,09_run\091_api_football_merge_run_mode.sql,,2026-02-25 21:11:44,,558
NEW,scripts,09_run\092_post_merge_report.sql,,2026-02-25 21:11:41,,503
NEW,scripts,09_run\093_run_job_create.sql,,2026-02-26 23:04:03,,545
NEW,scripts,09_run\094_run_job_finish.sql,,2026-02-26 22:41:52,,238
NEW,scripts,09_run\096_Hockey\096_hockey_V1.sql,,2026-03-01 23:22:34,,1830
NEW,scripts,09_run\096_Hockey\096_tvorba_hockey_staging_tabulek.sql,,2026-02-28 23:12:38,,1543
NEW,scripts,09_run\096_hockey.sql,,2026-03-01 23:22:36,,1001
NEW,scripts,10_sql\110_unified_staging_base.sql,,2026-03-10 21:53:32,,3365
NEW,scripts,10_sql\111_unified_staging_odds_stats.sql,,2026-03-10 21:49:46,,2908
NEW,scripts,10_sql\113_staging_indexes.sql,,2026-03-10 21:32:58,,0
NEW,scripts,10_sql\sql_players_pipeline_audit_queries.sql,,2026-03-15 09:57:47,,2251
NEW,scripts,11_ops\001_ops_ingest_entity_plan.sql,,2026-03-16 22:54:39,,284
NEW,scripts,11_ops\022_create_ingest_runtime_config.sql,,2026-03-12 22:52:58,,200
NEW,scripts,11_ops\023_seed_ingest_runtime_config_free.sql,,2026-03-13 09:17:16,,0
NEW,scripts,11_ops\024_ops_create_ingest_entity_plan.sql,,2026-03-16 22:50:00,,836
NEW,scripts,11_ops\025_fix_football_maintenance_null_season_to_2024.sql,,2026-03-13 09:37:51,,357
NEW,scripts,11_ops\036_ops_extend_stg_provider_players.sql,,2026-03-15 10:39:54,,1652
NEW,scripts,11_ops\037_ops_insert_new_ingest_entities_players_v1.sql,,2026-03-16 22:20:01,,0
NEW,scripts,11_ops\ops_jobs_unified_ingest_batch.sql,,2026-03-12 22:30:11,,366
NEW,scripts,99_playground\001_počty_future_matches.sql,,2026-03-08 16:58:44,,517
NEW,scripts,99_playground\001_run_tests.sql\preview_run_probability.sql,,2026-02-11 14:19:10,,0
NEW,scripts,99_playground\002_přestavba_matches.sql,,2026-03-08 11:29:42,,5511
NEW,scripts,99_playground\003_kontrola_test.sql,,2026-03-08 17:00:20,,1535
NEW,scripts,99_playground\004_kontrola_data_coverage.sql,,2026-03-08 10:34:46,,721
NEW,scripts,99_playground\091_přehled_targetů.sql,,2026-02-27 22:38:07,,534
NEW,scripts,99_playground\092_přehled_71_lig.sql,,2026-02-27 21:55:47,,2704
NEW,scripts,99_playground\093_prehled_poctu_fotbalovych _lig _v_jednotlivych_statech.sql,,2026-02-27 14:34:26,,1194
NEW,scripts,99_playground\094_Teď jen přepnout season na 2023 pro těch 16 lig.sql,,2026-03-01 23:03:09,,182
NEW,scripts,99_playground\099_kontrola_ingest_planneru.sql,,2026-03-13 21:02:14,,559
NEW,scripts,99_playground\099_kontrola_running_planneru_a_zruseni.sql,,2026-03-13 21:05:14,,410
NEW,scripts,99_playground\099_spouštěcí_běhy_různé_druhy.sql,,2026-02-28 21:50:06,,2272
NEW,scripts,99_playground\099_vrácení_konkrétní_jobu_zpět.sql,,2026-03-15 10:23:58,,293
NEW,scripts,99_playground\blocks_experiments.sql\migrate_Variable.sql,,2026-02-11 09:57:29,,261
NEW,scripts,99_playground\blocks_experiments.sql\migrate_fixed.sql,,2026-02-11 09:57:31,,266
NEW,scripts,99_playground\blocks_experiments.sql\template_block_matches.sql,,2026-02-11 09:26:09,,583
NEW,scripts,99_playground\cleanup_player_season_stats_scope_95_2024_v1.sql,,2026-03-16 21:25:41,,0
NEW,scripts,99_playground\funkce_uprava\upravena_prava_k_tabulkam.sql,,2026-02-16 22:21:49,,283
NEW,scripts,99_playground\test_queries.sql\inventar_funkci_mm.sql,,2026-02-12 11:16:53,,227
NEW,scripts,99_playground\volane_funkce\Kolik_tymu_mam_v_teams_pro_jednotliv_ligy.sql,,2026-02-20 22:00:52,,502
NEW,scripts,99_playground\volane_funkce\Predikce\AWAY value.sql,,2026-02-16 17:09:29,,130
NEW,scripts,99_playground\volane_funkce\Predikce\DRAW value.sql,,2026-02-16 17:09:26,,130
NEW,scripts,99_playground\volane_funkce\Predikce\EDGE_value.sql,,2026-02-16 17:09:34,,71
NEW,scripts,99_playground\volane_funkce\Predikce\HOME value.sql,,2026-02-16 17:09:28,,130
NEW,scripts,99_playground\volane_funkce\Predikce\Kelly_value.sql,,2026-02-16 21:31:16,,170
NEW,scripts,99_playground\volane_funkce\Predikce\Market_odds.sql,,2026-02-16 21:30:27,,133
NEW,scripts,99_playground\volane_funkce\Predikce\run_predictions.sql,,2026-02-16 16:56:24,,64
NEW,scripts,99_playground\volane_funkce\celkova_pocet_zapasu_historie.sql,,2026-02-15 15:37:54,,36
NEW,scripts,99_playground\volane_funkce\league_provider_map.sql,,2026-02-23 17:31:59,,401
NEW,scripts,99_playground\volane_funkce\pocet_zapasu_v_jednotlivych_ligach_historie.sql,,2026-02-15 15:44:14,,153
NEW,scripts,99_playground\volane_funkce\run_Block_kandidat_V1.sql,,2026-02-16 21:30:25,,301
NEW,scripts,99_playground\volane_funkce\run_FAIR_odds_latest.sql,,2026-02-16 16:56:21,,66
NEW,scripts,99_playground\volane_funkce\soubor_dotazu_V5.sql,,2026-02-19 10:11:24,,3418
NEW,scripts,99_playground\volane_funkce\test_bookmaker_odds.sql,,2026-02-12 21:41:21,,165
NEW,scripts,99_playground\volane_funkce\vyvolani_kodu_procedury.sql,,2026-02-12 21:36:43,,77
NEW,scripts,99_playground\volane_funkce\výkon.sql,,2026-02-11 12:38:52,,45
NEW,scripts,99_reports\99_MATCHMATRIX DAILY STATUS.sql,,2026-03-03 21:28:46,,1217
NEW,scripts,99_reports\99_block_outcome_candidate.sql,,2026-03-09 21:31:34,,297
NEW,scripts,99_reports\99_ingest_behy_pocet_ zapasu_v_DB.sql,,2026-03-04 09:27:41,,600
NEW,scripts,99_reports\99_kolik mapování máš pro api_football.sql,,2026-03-03 23:13:12,,769
NEW,scripts,99_reports\99_vw_match_feed_for_user.sql,,2026-03-08 17:36:41,,160
NEW,scripts,99_reports\Script-3.sql,,2026-03-08 23:21:11,,1350
NEW,scripts,99_reports\Script-4.sql,,2026-03-09 21:43:34,,872
NEW,scripts,99_reports\mm_api_football_backfill_status.sql,,2026-03-04 11:12:20,,3802
NEW,scripts,MatchMatrix.sql,,2026-03-07 23:39:09,,8545
NEW,scripts,Script.sql,,2026-03-12 22:31:22,,79
NEW,scripts,ingest\001_daily_ingest_healthcheck.sql,,2026-03-09 15:45:04,,0
NEW,scripts,ingest\football_data_pull.py,,2026-02-13 13:14:10,,4905
NEW,scripts,ingest\run_football_data.bat,,2026-02-13 13:14:17,,791
NEW,workers,__pycache__\run_player_profiles_public_merge_v1.cpython-314.pyc,,2026-03-15 20:31:11,,7880
NEW,workers,build_ingest_planner_jobs.py,,2026-03-13 15:34:43,,9524
NEW,workers,build_player_enrichment_jobs.py,,2026-03-15 14:11:08,,2983
NEW,workers,extract_teams_from_fixtures.py,,2026-03-13 09:05:40,,5988
NEW,workers,extract_teams_from_fixtures_v2.py,,2026-03-14 22:26:29,,2917
NEW,workers,legacy_to_staging_bridge_report.txt,,2026-03-10 22:24:17,,6414
NEW,workers,pull_api_football_players_v4.py,,2026-03-16 17:32:19,,18877
NEW,workers,run_audit_player_season_statistics_report_docker_v1.ps1,,2026-03-16 14:09:09,,1706
NEW,workers,run_audit_player_season_statistics_report_v1.ps1,,2026-03-16 13:49:42,,2513
NEW,workers,run_full_ingest_pipeline.py,,2026-03-10 22:07:54,,1877
NEW,workers,run_ingest_cycle_v1.py,,2026-03-13 20:25:13,,6735
NEW,workers,run_ingest_cycle_v2.py,,2026-03-13 20:35:51,,18857
NEW,workers,run_ingest_cycle_v3.py,,2026-03-14 23:07:08,,21100
NEW,workers,run_ingest_planner_jobs.py,,2026-03-13 22:19:20,,18593
NEW,workers,run_legacy_to_staging_bridge.py,,2026-03-10 22:23:13,,4228
NEW,workers,run_legacy_to_staging_bridge_v2.py,,2026-03-10 22:44:10,,9258
NEW,workers,run_legacy_to_staging_odds_bridge.py,,2026-03-11 08:55:11,,2332
NEW,workers,run_multisport_scheduler.py,,2026-03-10 17:46:10,,3162
NEW,workers,run_multisport_scheduler_v2.py,,2026-03-10 20:06:45,,4174
NEW,workers,run_multisport_scheduler_v3.py,,2026-03-10 20:39:50,,4448
NEW,workers,run_multisport_scheduler_v4.py,,2026-03-11 22:41:13,,3681
NEW,workers,run_payload_parser.py,,2026-03-10 22:02:21,,7845
NEW,workers,run_player_match_statistics_public_merge_v1.py,,2026-03-15 21:13:02,,18548
NEW,workers,run_player_profiles_public_merge_v1.py,,2026-03-15 20:57:08,,20929
NEW,workers,run_player_season_statistics_public_merge_v1.py,,2026-03-15 22:18:01,,12325
NEW,workers,run_player_season_statistics_stage_parser_v1.py,,2026-03-15 22:08:13,,13788
NEW,workers,run_players_bridge_v1.py,,2026-03-11 12:34:07,,1419
NEW,workers,run_players_bridge_v2.py,,2026-03-15 09:01:10,,8312
NEW,workers,run_players_bridge_v3.py,,2026-03-15 11:13:42,,9523
NEW,workers,run_players_bridge_v4.py,,2026-03-15 11:16:42,,9827
NEW,workers,run_players_public_merge_v1.py,,2026-03-15 12:44:29,,13805
NEW,workers,run_players_public_merge_v2.py,,2026-03-15 12:49:17,,14732
NEW,workers,run_players_season_stats_bridge_v1.py,,2026-03-16 21:16:08,,22179
NEW,workers,run_players_season_stats_bridge_v2.py,,2026-03-16 21:19:49,,22426
NEW,workers,run_players_season_stats_bridge_v3.py,,2026-03-16 21:34:55,,20878
NEW,workers,run_scheduler_queue_executor.py,,2026-03-10 20:46:14,,3150
NEW,workers,run_scheduler_queue_executor_v2.py,,2026-03-10 21:22:43,,6710
NEW,workers,run_unified_staging_to_public_merge_v1.py,,2026-03-11 10:15:16,,20643
NEW,workers,run_unified_staging_to_public_merge_v2.py,,2026-03-13 21:29:00,,24955
NEW,workers,run_unified_staging_to_public_merge_v3.py,,2026-03-14 21:55:53,,27010
NEW,workers,test_db_connection.py,,2026-03-15 08:53:08,,423
